ID,Page Name,Vector,Category
0,Hayvan,"[ 8.26169457e-02  3.82638544e-02  9.40241465e-02  3.55199652e-02
 -1.63594279e-02 -3.69661763e-02 -3.14692465e-03 -1.23552287e-01
 -9.68033101e-02  7.15197626e-02 -3.24348234e-02 -6.32266468e-02
  1.23549405e-01 -8.14127576e-05  1.28086015e-01  4.52686973e-02
  4.19895591e-02  9.56307131e-02 -4.99923725e-02 -2.09155165e-01
 -5.36138187e-02 -5.47097722e-02  8.08469490e-02 -1.61206426e-01
  1.36467898e-01  8.89351657e-02 -1.73801467e-02 -3.20950533e-03
 -1.07072697e-01 -8.91677461e-02 -8.33167376e-02  3.85625521e-03
  6.03188410e-03  2.77251636e-02  1.95714365e-01  8.67362532e-02
  1.18567551e-01  6.53380049e-02  1.01369463e-01 -3.93874554e-03
  7.53542965e-02  6.66084152e-02 -1.62299736e-02 -8.17850408e-02
  1.88400640e-02 -7.03330621e-02  8.59983240e-03 -2.86411837e-02
  1.54561016e-01 -2.32340156e-01  1.19813515e-02  1.03984178e-01
  4.23286756e-02 -3.07289731e-02  7.85608755e-02 -1.24082215e-02
 -5.64547108e-02  8.86015410e-02  1.03781657e-01  2.30541811e-03
 -7.42234635e-02 -1.06818624e-01  2.63434225e-02  2.04663118e-02
  1.44854781e-02  4.08307389e-02 -1.94546422e-01 -7.82132050e-02
 -1.03981018e-01  2.03932523e-01  4.37754764e-03  7.44566057e-02
  7.09437869e-03  3.90920402e-02 -5.39044582e-02  7.69451444e-02
  1.31546303e-01  9.82328802e-02 -1.10826499e-01 -5.52346111e-02
 -1.36652090e-01  2.93155555e-02  1.38558278e-01 -9.64817054e-02
  9.34348002e-02 -2.81913883e-02 -1.73163333e-01  1.84761902e-01
  1.26367768e-01  2.84060086e-02 -1.09101722e-01  3.69011622e-02
 -6.26818897e-02 -1.67551423e-01 -1.67200497e-01 -8.67431340e-02
  1.71586248e-02 -4.20171684e-02  1.33204919e-02 -5.48718016e-02]",Doğa
1,Dünya,"[-1.26397318e-01 -1.10289808e-01  7.91917449e-02  3.61286878e-02
  3.68780514e-02  1.87999483e-02 -9.00116232e-02 -1.49195985e-01
  7.18956819e-02  1.82179034e-01  1.52128777e-01  1.19450396e-01
 -1.66773482e-01  1.79005799e-01 -8.13742996e-02  7.92612588e-02
  1.76077459e-01 -1.82201108e-01 -4.12142482e-02  1.41421294e-02
 -9.28469911e-02 -1.04235633e-01  6.47772298e-02 -1.80952096e-02
 -1.01071732e-02 -1.41484816e-01 -2.08711229e-01 -5.10842683e-02
  3.38261301e-02  1.17802603e-01 -6.26478301e-02  4.23609884e-02
  8.16205021e-02  1.42335767e-02  8.16423383e-03  9.08823872e-02
 -3.96725048e-02  4.03719893e-02  1.22843009e-01  3.01976427e-01
 -3.29763780e-03 -7.98672976e-03 -1.22862178e-01 -1.66586236e-01
 -1.56991705e-01 -2.75358305e-02  6.24951854e-02  2.78158284e-02
 -4.96216448e-04  4.80374833e-03  4.04577588e-02 -9.04701716e-02
 -3.22429332e-02  4.77909097e-02 -1.47796345e-02  7.48726576e-02
 -5.46654709e-02  1.03765065e-01 -7.38723432e-02  6.36218295e-02
  1.51784359e-02 -8.10341311e-02  1.13162639e-01 -1.00501731e-01
 -4.55031149e-02  8.93771957e-02  6.03403665e-03 -4.74167192e-02
 -5.56439265e-03 -1.35183440e-01  5.46779596e-02  6.34639522e-02
 -1.08063332e-01  3.19461816e-02  8.25384233e-02 -1.36780541e-01
 -2.68287564e-02 -1.20633744e-01 -1.48621282e-01 -1.61603918e-01
 -2.00176363e-01  2.91029188e-02  1.05171281e-01 -1.10147156e-01
 -6.87660809e-02  1.22484177e-01 -4.63030023e-02  1.00596569e-01
  1.38981351e-01 -1.73702068e-02  5.71567376e-04 -8.56332604e-02
 -6.44624592e-02 -3.70342862e-02  1.68495911e-01 -4.78293941e-05
  1.61774854e-02  3.13507639e-02  1.12743081e-01 -2.17749149e-02]",Doğa
2,Afet,"[-5.31387093e-02 -6.34993983e-02 -1.24488206e-02  1.08099818e-02
  2.48286668e-02 -2.44781166e-01 -5.86577674e-02  6.71384063e-02
 -8.66532779e-02 -4.22837446e-02  1.48740265e-01  1.74215800e-01
 -1.69451082e-01 -7.46618289e-02 -6.24611590e-02  2.26109183e-02
  3.80623323e-02 -6.26878603e-02 -1.63929650e-02  7.40887506e-02
 -1.67620550e-01 -1.68182927e-01 -5.46644773e-02  7.65332292e-02
  1.74845024e-01  7.86159150e-02  6.32789979e-02  2.16734264e-02
 -6.13256290e-02  2.76338129e-02  1.00920903e-01  3.28075806e-02
  2.20807933e-02  1.71726381e-04 -1.08050559e-01  9.89095860e-03
  1.61219700e-01  1.96307510e-02 -2.14092834e-02  5.31380571e-03
  4.82125149e-02  1.44570542e-01  6.86172488e-02 -1.76851407e-03
  1.33914751e-01  3.99117213e-02 -1.16948664e-01 -1.29463087e-01
  8.43656175e-02  3.63682378e-02  5.21532381e-02 -3.24493699e-02
  2.22637498e-02  6.40038144e-03 -4.56351808e-02 -9.48278294e-02
  9.62115783e-03 -3.38569238e-04 -7.13353322e-03  1.77337015e-02
 -1.98058431e-01 -6.46210584e-02  1.65345779e-01 -1.99298842e-01
 -5.97045065e-02  8.94484565e-02 -1.38070104e-01 -7.37614091e-02
 -3.67378882e-02 -2.13901035e-02 -1.21789565e-01  5.84715789e-02
 -4.66148576e-02 -2.05591283e-02 -4.88506717e-02  1.99680359e-03
 -6.99142753e-02  1.77032033e-03  1.38451592e-02  3.33549013e-03
 -1.45806996e-01  1.36935368e-02 -3.77949844e-02 -1.78249266e-01
 -5.69078682e-02  8.40231269e-02  6.37885688e-02 -3.09970049e-02
  5.65794781e-02 -3.19162084e-03 -2.24659105e-01 -4.99826762e-02
  9.62177716e-02 -5.32951294e-02  1.73747039e-01  6.05914677e-02
 -1.21187631e-01  1.07691654e-01  3.27886493e-02 -1.22665846e-01]",Doğa
3,Doğa,"[-0.00053899  0.14981027 -0.02777244  0.00716794 -0.07270709 -0.01401658
 -0.02238524 -0.07985705  0.11723031 -0.02623221  0.03220978  0.0944841
 -0.21505822  0.0807454   0.04205794 -0.0831783  -0.03352965  0.00345343
 -0.05971476 -0.11339978  0.08684436 -0.07347673  0.03483867 -0.19133574
 -0.0040129  -0.02438089 -0.09766389  0.07400346 -0.00248696  0.09734708
  0.00712855  0.23964514  0.19151881 -0.00943622 -0.07385844  0.07685284
  0.11119616  0.11286066 -0.03067909  0.02973248  0.06778696 -0.0906532
 -0.01247176  0.0520623   0.02599813  0.09081193 -0.02908424 -0.04492826
  0.05284315 -0.09629553 -0.08443127 -0.05094874 -0.03445932  0.00616981
 -0.0188116   0.05443857 -0.12616331  0.0099677  -0.05540105  0.15790049
 -0.19760808 -0.14808778  0.20152662  0.03816249  0.05218446 -0.21257464
 -0.1118365  -0.00181584 -0.03734057  0.02763245 -0.04689941  0.02252361
 -0.12448387  0.13712062 -0.26150849  0.02504075 -0.02077517  0.07660467
  0.074863   -0.00868373 -0.10265061 -0.05650738 -0.02801347 -0.21882948
  0.03119396  0.0062582  -0.03793522  0.05198558 -0.00787533 -0.06647219
 -0.01863573  0.21236333  0.05643089 -0.04402643  0.04402505 -0.10848385
  0.0669034   0.0732625   0.03998288 -0.01312667]",Doğa
4,Bitki,"[ 0.07366663 -0.08248524 -0.04900459 -0.11997629  0.07708338 -0.06518761
  0.07001238 -0.0508514   0.07945349 -0.08693614 -0.04094242 -0.07836011
 -0.01866537 -0.14831644 -0.08442934  0.23740774 -0.0090138   0.05658525
  0.0419349  -0.11400588 -0.01304704  0.05684615  0.2457055  -0.13214196
  0.02129178  0.10125048 -0.00061413 -0.09545221 -0.02651303 -0.05186812
  0.00867482  0.09251788 -0.00929557  0.11266767  0.11548928 -0.04424686
  0.07990452 -0.12474762  0.04923099  0.1685617   0.10629048  0.02739799
 -0.1914349  -0.08314946  0.03674904 -0.05837346  0.09180956  0.14817912
  0.15014237 -0.06456032  0.05086425  0.04375736  0.08940297 -0.03361912
 -0.13683259 -0.00216846 -0.16800362  0.03199707  0.07043221  0.02751208
 -0.08577771  0.02717243 -0.03457754  0.11678833  0.07530923  0.05773079
  0.09514599 -0.14609227  0.07851576  0.01416022  0.01934293 -0.04380482
  0.073121    0.13547398  0.05670241  0.04558147  0.06776135  0.03194734
  0.05253887 -0.05077195 -0.08250034  0.00094164 -0.13720584 -0.15033846
 -0.05105135 -0.19480158 -0.00577275 -0.12151402  0.10422606 -0.01459497
  0.13781035  0.00733982  0.08273628 -0.11892441  0.03095694  0.10317216
  0.02680159 -0.08940504  0.00677273  0.02306134]",Doğa
5,Türkiye,"[-0.01250035 -0.16103382  0.04315023 -0.04710108  0.00224796  0.0569904
  0.07283889 -0.03998487 -0.02174718  0.01607204 -0.08412319 -0.04644
 -0.05343581  0.0384172  -0.18438553  0.03649401  0.00089828  0.04073125
 -0.04315912  0.03382417 -0.08151466  0.01782693  0.06310533  0.04194476
  0.05968568 -0.08332459 -0.00643353  0.12250598  0.09647194 -0.04034501
 -0.02622507  0.00117793  0.10391308  0.09355286 -0.24769504  0.16165934
 -0.03971044 -0.02254927  0.02917714  0.12577522 -0.01291224 -0.05442209
  0.07172202  0.04690849  0.04635145  0.14313788 -0.12358379  0.02168226
 -0.11836439  0.1314292  -0.14830851 -0.08567378  0.1094028   0.08287668
  0.00557991 -0.25692546 -0.17911287  0.01773211  0.05048837 -0.083959
 -0.16201553 -0.08936981  0.07098241  0.11059646  0.08139538  0.04479346
 -0.07563207 -0.03457701  0.02988871 -0.22105704  0.14609671  0.05247797
 -0.01035762 -0.1491004   0.03907787  0.07309021  0.06630068 -0.13309992
  0.21226266  0.0829183  -0.164026    0.08449745  0.02090141 -0.17140368
 -0.0794882  -0.16056622 -0.10070683  0.08820046  0.07274611 -0.02279332
 -0.14106327 -0.07309367 -0.11614794  0.00919293  0.1505035   0.11663862
  0.02506804  0.08931962  0.16833677 -0.10235006]",Siyaset
6,Siyaset,"[ 2.35923513e-01  2.44536466e-02 -6.58095327e-02  6.02160621e-02
  3.73686154e-02 -1.16261191e-01  1.80468907e-02 -1.27756749e-02
  3.07352789e-02 -2.28288283e-02  2.67197272e-02 -2.05382936e-01
 -1.37992867e-01  5.43824873e-02  7.90253303e-03 -5.97372414e-02
  1.33034712e-01 -1.64226585e-01 -4.34100402e-02  1.23596619e-01
  3.31068556e-02 -1.58040372e-02 -1.13733147e-01  1.96612826e-02
  1.57333138e-01 -1.33392041e-01 -8.17527344e-02  6.90651949e-02
  2.56162180e-02  6.92010448e-02 -3.69376483e-03 -8.91952592e-02
  2.24442815e-02  8.76771448e-02 -6.87310453e-02  3.01127022e-02
  1.98492027e-03  1.29449400e-01  9.48234017e-02  1.07161816e-02
 -1.45291721e-01  5.33034767e-02 -1.11817062e-01  4.23678166e-02
  1.93186114e-01 -7.87656184e-02 -9.65014552e-03  5.17638932e-02
  1.23095901e-01  6.67024632e-02  7.31706021e-02 -6.12488901e-02
  4.26690839e-02  2.91308405e-02  5.81421064e-02 -1.08680132e-01
 -1.03296123e-01  1.57356262e-01  8.47501372e-02 -1.15793498e-01
  1.60218233e-01 -1.03877706e-01  8.37492552e-02  1.45416015e-01
  6.06602253e-02  8.50074517e-02 -1.38499257e-01 -9.22824268e-02
 -7.26800097e-02 -7.32820374e-02  4.42018945e-02  2.98859376e-01
 -1.11716935e-01  8.50695602e-02  6.50090516e-02  1.24192995e-01
 -6.20617370e-02 -9.86797131e-02 -4.57286402e-03  5.62406002e-05
 -4.60923975e-04 -1.25639245e-01  1.38009233e-02 -1.21205064e-01
 -1.81424047e-01 -4.79800411e-02 -1.11771493e-01 -8.61481131e-02
  1.71142101e-01 -8.40812063e-02 -1.99405575e-02 -4.29045351e-03
 -7.82230004e-02 -3.45808159e-02 -8.37723852e-03  1.27659829e-01
 -9.43737266e-02 -8.90197443e-02 -4.33268639e-02  1.22851340e-01]",Siyaset
7,Siyasi Parti,"[-0.04869713 -0.07386915  0.00792305 -0.0140199   0.0566544   0.01291049
  0.06568642  0.03357297  0.07846705  0.20061262 -0.01446806 -0.03517528
  0.08466402  0.01100187  0.01434079  0.02347382  0.22955254 -0.07204889
 -0.0584233   0.09074725  0.00834385  0.19307129  0.0340448   0.0088993
 -0.10108741  0.00693605 -0.03318814  0.01043348  0.0913633   0.01349339
 -0.13845727  0.09074246  0.0337684   0.1814181  -0.03604289 -0.07436171
 -0.0455797   0.12684582 -0.11765836 -0.24025768 -0.11398362 -0.0481923
  0.0103285   0.00531056 -0.03914926  0.02220569  0.0345864  -0.14632816
 -0.02990056  0.01609313 -0.04357812 -0.02062943  0.05237356  0.08075211
  0.05301873  0.03277162 -0.06840753 -0.00297762  0.01783244 -0.21006399
 -0.0173221   0.06375355  0.04643695 -0.12571665 -0.00704999 -0.01718307
 -0.05188485  0.05812952  0.30553177  0.02561388  0.07908379 -0.07808266
  0.0511651   0.10188032 -0.12573101  0.08841291  0.08857995 -0.10321138
  0.11192652 -0.02940501 -0.12783234 -0.11250493 -0.03623905 -0.0670656
  0.04114609  0.12479011 -0.11331125  0.02734316 -0.03215548 -0.04351287
 -0.00668546 -0.11247474  0.1018608  -0.06666353 -0.15289647  0.10817545
 -0.12885467  0.11699319  0.08924566  0.00981566]",Siyaset
8,Birleşmiş Milletler,"[ 0.02139424  0.03585973 -0.07605888  0.09383041 -0.06624632 -0.05635749
  0.03466652  0.26063897 -0.04348773  0.06216486 -0.02868695 -0.12329674
 -0.25236859 -0.00132366 -0.09820982 -0.00634305  0.15225162 -0.09453488
  0.08633647  0.08301068  0.06329927 -0.0842406   0.06791285  0.05866609
 -0.01617198 -0.15702622  0.10010135  0.08964833  0.02104731  0.09952111
  0.07189922 -0.00100716  0.00779591  0.01722875  0.15318366  0.10309132
 -0.13972961 -0.01254422  0.0861988   0.14236301  0.06427929 -0.15518863
  0.01329885  0.13987305  0.08216216 -0.06040961 -0.04410278 -0.02153515
 -0.03874713  0.10818415  0.10299044  0.10872338 -0.0420347  -0.07068135
 -0.01666455 -0.04239753  0.05399671 -0.03167971  0.01466957 -0.04009428
 -0.17825684  0.11703527 -0.03257946 -0.02759203  0.09934825  0.00558154
  0.18775723  0.16740667  0.02318819 -0.0394047   0.05291902 -0.05167121
 -0.11757037  0.20569893 -0.0218892  -0.15870284 -0.04066206 -0.16016138
  0.0593351  -0.01340555 -0.06709694  0.00561812  0.05077809  0.05079744
  0.18509702 -0.00631195  0.09264698 -0.07507352  0.21661372  0.06952792
  0.01857288  0.07504465  0.02157963 -0.0626418   0.12694113  0.05598833
 -0.00067934  0.22032134  0.05620913 -0.02849589]",Siyaset
9,Türkiye Büyük Millet Meclisi,"[-0.12374346 -0.04044319  0.11690384 -0.16306775 -0.10743327  0.02638141
  0.10148474 -0.0201448   0.05897207 -0.02219145  0.0165065  -0.03572769
 -0.14828744 -0.07058059 -0.01235983 -0.10162784  0.02795515 -0.0239971
  0.12870447  0.02554568  0.18458415 -0.06153822 -0.02959395  0.20184047
  0.134956    0.08649547 -0.00326837  0.14687716 -0.07346178 -0.28602506
  0.00205967 -0.27748711 -0.00217802  0.03423895 -0.09374704  0.10925236
 -0.14698904  0.22050493  0.06663198 -0.13514475 -0.12286105  0.01833399
 -0.00092547 -0.03787308  0.02920937 -0.16268194  0.08004043 -0.06162754
  0.03736363  0.03929331 -0.07385209 -0.11781026  0.06018981 -0.01064378
  0.10372489 -0.06449842 -0.14265145  0.0695262   0.03982673 -0.03438708
 -0.11255739 -0.02993145 -0.08736476 -0.05938839  0.06255483  0.08244717
  0.05179374  0.04805713  0.08446955 -0.01237389 -0.09255493 -0.04771384
  0.04017009  0.04910563 -0.03098907 -0.01333137  0.07332629 -0.13292441
  0.13968247  0.12061839 -0.08770031 -0.15513215  0.03955928 -0.00946186
  0.05502351 -0.00542166  0.05742014  0.18543043  0.07075401 -0.08493076
 -0.08122303  0.1641757   0.00934135  0.05373586  0.02177773  0.01177468
 -0.15344812 -0.13673902 -0.07181194 -0.032171  ]",Siyaset
10,Bisiklet (spor),"[-0.1105848   0.09089955 -0.0441441  -0.08737047  0.02162762 -0.09341103
 -0.15071927  0.02353116 -0.00202002  0.08043693  0.17677342 -0.0286973
  0.03632983 -0.09683937  0.10169921 -0.06037686 -0.0466584  -0.1296449
 -0.12728003 -0.06294882  0.02987291  0.0646361   0.05824662 -0.00068467
 -0.04364469  0.12690932 -0.14177271 -0.15353608  0.00289715  0.08764747
 -0.02101234  0.08384587  0.19456228  0.00841227  0.10372968  0.00977759
 -0.03488977 -0.09783287 -0.04894812  0.24613286 -0.08321997 -0.10943418
 -0.02296972  0.12644404 -0.14966297 -0.04274303  0.01984459  0.04980897
 -0.0133371   0.00832435  0.23230583  0.14086271  0.15632079  0.01192525
 -0.0110259   0.16128177 -0.08508838  0.05280299 -0.04323753  0.06829161
 -0.11825959 -0.0123989   0.07279411 -0.03406054  0.06588216 -0.09452631
  0.03630215  0.18217154  0.05211566 -0.09884013 -0.10941599  0.09726741
  0.08117359 -0.04161266  0.04093572 -0.04152348  0.11253259  0.05261054
  0.06298992  0.20044949  0.01487355  0.00143839 -0.0456281  -0.01355738
 -0.14862574  0.05559737 -0.1232581   0.11385993  0.23013101 -0.08873738
 -0.05650981 -0.03434049  0.01503625 -0.15129724 -0.1177935  -0.04718349
 -0.01389231  0.15734994 -0.03854788  0.07408322]",Spor
11,Futbol,"[-0.00633124 -0.04289343  0.27214256 -0.19186893 -0.00871733  0.06317103
  0.01985963  0.07288932 -0.02737694  0.02578724  0.01629225 -0.01733239
 -0.10724121 -0.03364907 -0.12602504 -0.01688444 -0.04254097 -0.00054315
 -0.01445719  0.04933076 -0.01905937 -0.07538617  0.02705608 -0.07758416
  0.05082696 -0.03491143  0.04581915  0.13575801 -0.0784876  -0.02303962
  0.11632161 -0.0295128   0.16815346  0.25623852 -0.15491366  0.11098387
 -0.14047458 -0.12673475  0.05077618 -0.05587926 -0.1387214  -0.14082069
  0.02887349 -0.08625699  0.17420639 -0.10146658 -0.10635389 -0.04502633
 -0.05499031 -0.01116026  0.07808597 -0.16629494  0.17051718  0.07001983
 -0.07376903  0.12790773 -0.15017545  0.12136547 -0.01854176 -0.07691593
  0.06762471 -0.18775641  0.06690683  0.02250149 -0.05451872 -0.07215373
 -0.03122273 -0.03583709  0.13744728  0.03460877 -0.17922498  0.12818792
  0.04352882  0.05374629 -0.1159797   0.08785925  0.11018917 -0.04580268
 -0.05153372 -0.08975895 -0.2129181   0.01182464 -0.08451809 -0.14958009
 -0.04321254  0.04253914  0.03502421 -0.12008584 -0.11656249  0.0487752
  0.03244425  0.10244432 -0.14191759 -0.09907861 -0.10743918  0.02117874
 -0.0615724  -0.13426099  0.04233014 -0.03921774]",Spor
12,Basketbol,"[-0.03462874 -0.12731054  0.29032245 -0.02327781  0.15785152 -0.11086211
 -0.01026505  0.0905618  -0.00485642 -0.01999194 -0.05653973 -0.16206939
 -0.08161077 -0.07388964 -0.038871    0.00529859 -0.06154592  0.15395844
 -0.04315646  0.05488531 -0.02859581  0.06033127  0.0154858   0.06395226
 -0.03450845 -0.04462864  0.07373122 -0.1153293  -0.03063591 -0.02793772
 -0.08929337 -0.14694659 -0.09251663 -0.00317509  0.0942844   0.0734647
 -0.03068691  0.00301415  0.09983243 -0.05076105 -0.01766577  0.06286125
  0.12634545  0.06448133  0.1750594  -0.18829194 -0.10777875  0.14655
  0.06161704  0.02154736  0.13649318 -0.07888079  0.15732246  0.00552027
 -0.01649095  0.20185792 -0.1426147   0.12209961  0.04143421 -0.04103232
 -0.00483062 -0.0728469   0.17896744  0.13786982 -0.07364962  0.092102
 -0.00800626  0.08637877  0.15216402 -0.08050991  0.01188264 -0.03643086
  0.13736905 -0.1504397   0.0537147   0.06832466  0.04518607  0.14398271
 -0.04875942 -0.05213172 -0.15126457 -0.15315401 -0.10125549 -0.04476508
 -0.14234708  0.01479754  0.20977138 -0.09066324  0.13668274 -0.06240119
 -0.06589149  0.05819417  0.00345526  0.01422422 -0.02573617 -0.00139497
 -0.01792187  0.12596981 -0.10268978  0.03678413]",Spor
13,Olimpiyat Oyunları,"[-0.29555205 -0.1109912   0.13788558 -0.0687417  -0.03671822  0.21240104
 -0.00508763  0.15333895  0.06161249 -0.01209499 -0.03962599 -0.17732772
 -0.14735624 -0.04303565  0.17085022  0.12004835  0.09391243 -0.00391697
  0.01365369  0.01853517 -0.04089737 -0.01805708 -0.12782985 -0.1697943
 -0.00361753 -0.04245715 -0.08615252  0.00499658 -0.08456089  0.06492892
  0.02912682 -0.09046316 -0.07325197  0.12087942 -0.08154554 -0.00085551
 -0.10025301 -0.01392271  0.02013687  0.10366603 -0.10604979 -0.04315543
  0.06826266  0.04323385 -0.09679396 -0.04088639  0.01033081  0.12469053
 -0.10225075 -0.19887205  0.07462932 -0.00980921 -0.01737252 -0.04118191
 -0.16149685 -0.07987636 -0.04365036  0.14399356  0.18060416 -0.1423955
 -0.10301866 -0.18486471  0.13967079  0.08556367  0.00318164  0.08097537
 -0.05130575  0.06425234 -0.03369263 -0.05448448 -0.09442344  0.09460905
  0.11743908  0.04423972 -0.05337896 -0.00586286  0.18256768  0.21709339
  0.04876632 -0.04158208 -0.00322978 -0.07013191 -0.07030641 -0.08004632
  0.04889963 -0.07109049  0.11437031 -0.08327816  0.01974191  0.03103173
 -0.09693772  0.02542451  0.10324387 -0.00684684 -0.06351269 -0.03806277
  0.00294748 -0.09871226  0.12884211  0.14435724]",Spor
14,Voleybol,"[-1.86144091e-01 -9.89794436e-02  5.98531113e-02 -4.89626083e-02
 -1.49683850e-01  1.28373133e-01  1.20807692e-01 -1.96133124e-02
  9.60445298e-02  3.72708137e-02  1.34620011e-01  2.48992737e-03
 -1.75502854e-01 -1.17469383e-01 -4.69732781e-03 -1.18918653e-02
  1.16310578e-01  7.64664216e-02 -1.11638854e-01 -2.56330418e-02
 -4.84861068e-02 -1.52482074e-01 -7.34648700e-02 -3.75053526e-02
  4.03822881e-02 -1.22561688e-01 -8.17974356e-02 -1.80227022e-01
 -4.05744416e-02  1.11842966e-01  2.51646618e-01 -3.25256668e-02
 -1.40493756e-01 -9.04779528e-02 -1.00077864e-01 -1.19949037e-01
 -1.19531058e-01  4.54860595e-02  7.87985100e-02  4.39091121e-02
 -9.11657307e-02 -5.09236583e-02  1.36624688e-01  5.02486472e-02
 -1.40913211e-01 -4.35797282e-02 -1.53136392e-01 -1.07543386e-02
 -1.18130578e-01  4.31191707e-02  1.99380978e-01 -1.07129228e-01
  2.60476985e-02 -5.88190764e-02 -6.97243944e-02 -1.99566537e-02
 -1.07525052e-01  3.77935769e-02 -2.90224288e-05 -4.49534833e-02
 -1.05732652e-01 -7.92109214e-02  1.52578611e-01 -6.00445109e-02
 -6.61489965e-02 -1.42174515e-01 -1.47926519e-02 -1.16067730e-02
  6.24482358e-02  8.30917805e-02 -8.43137388e-02  6.17326511e-02
 -7.41909968e-02 -6.14488602e-03 -1.68832097e-01  3.31589924e-03
  3.43314314e-02  1.46216251e-01  9.52577937e-03 -1.35248308e-01
 -1.79540504e-02 -7.07777196e-02  1.75382359e-01 -1.84687778e-01
 -8.81991946e-02 -1.32038478e-01 -1.21815861e-01  4.63428357e-02
  1.84211488e-01  6.65473005e-02 -2.14301065e-02  3.53283301e-03
  5.96512665e-03  3.53441729e-02 -1.04460906e-01  5.68476687e-02
  8.70517741e-02 -1.25279547e-02 -2.26871038e-02  1.08341019e-02]",Spor
15,Müzik,"[-0.07983972 -0.04050076 -0.10979809  0.09457045  0.08783672 -0.04704465
 -0.04764111 -0.12652394  0.00952816  0.05787871 -0.13574239  0.14864013
 -0.11020275  0.11031664 -0.10509838 -0.07672455 -0.17085559 -0.20180364
 -0.00044116  0.17251712  0.03677195 -0.02939056  0.02922794 -0.08283543
 -0.01279262 -0.00382771 -0.01980693  0.04105083 -0.15921933  0.09198787
 -0.0436802  -0.02889869  0.08916073 -0.01073869 -0.01105459  0.19894181
  0.08900054  0.04632261  0.02111122  0.07604821 -0.0370497  -0.00314071
  0.00786     0.03780028  0.21702669  0.07699896 -0.11635409  0.0994058
  0.25287143 -0.00247614 -0.06012066 -0.01762397  0.12997996 -0.05041852
 -0.1339452   0.04746883 -0.06590763  0.02625632 -0.00970242  0.13945727
 -0.10749561 -0.03802856  0.11104968 -0.0048719  -0.01120252  0.04904211
 -0.12176499 -0.06311324  0.17860279 -0.09487061 -0.04362527  0.08138887
 -0.00046104  0.07241231  0.03642674 -0.04471655  0.13268544 -0.14113363
  0.01786533 -0.14668271  0.20836692 -0.01014667  0.06450112 -0.20106413
 -0.1179276   0.05895147 -0.05836091 -0.04411094  0.01988002 -0.10215463
  0.03953236  0.20827921 -0.0188458   0.00082447 -0.09109393  0.01674809
 -0.14928355  0.05724622  0.01334172  0.03389968]",Sanat
16,Heykel,"[ 0.07865977 -0.05056212 -0.01552386 -0.12433539 -0.07239629 -0.04565284
 -0.02204017 -0.04142135  0.00298489  0.05792304  0.05370509 -0.06547093
  0.09403654 -0.04246153 -0.05194547  0.12066942 -0.05315694  0.08475215
  0.10538826  0.07100097  0.02178807 -0.06917823 -0.08730293 -0.18087337
 -0.11392357 -0.02381901  0.15464827  0.28233305 -0.15241343  0.07345464
  0.07571995  0.10215455  0.14931532  0.00623536 -0.0255131  -0.04595794
  0.16359131  0.01288107 -0.10811062  0.0495097  -0.1238319  -0.0675333
 -0.0186754  -0.06342984  0.126246    0.08394037 -0.04799259 -0.09938034
  0.09036136  0.06336483 -0.04941578 -0.11034576  0.01430895  0.04507818
  0.06807113 -0.03582287  0.01617232  0.30235536  0.17107235 -0.1195384
  0.11568158  0.14560165  0.09719505  0.05819035  0.06269249 -0.0291316
 -0.01533052 -0.06943762  0.01058668  0.05970086 -0.22179831 -0.01350898
 -0.00659368  0.01526193 -0.11027787  0.04396283  0.05019585  0.09509753
  0.02539752 -0.15617584 -0.00544721 -0.05871434 -0.05210397 -0.00503416
  0.12500974  0.11717323 -0.02850801 -0.01119269 -0.00471018 -0.10953207
  0.03297186  0.1200999   0.01303999  0.05378962  0.20898735 -0.05880453
  0.06813821  0.19755164  0.11498534  0.04686267]",Sanat
17,Tiyatro,"[ 0.01892642 -0.00283251  0.13470066  0.09119858 -0.20585622 -0.01998013
 -0.11919978 -0.08459361  0.09462687  0.07081611  0.0409334   0.00520816
 -0.04151055  0.04335106  0.06436632  0.02114967 -0.0028724  -0.16717758
  0.14123178  0.05816818  0.00654278 -0.08607566 -0.0204614   0.00618441
 -0.00495883  0.04340795  0.27174913  0.1086225  -0.14787212  0.18267748
 -0.02037807 -0.06010821 -0.15904712  0.19713105 -0.01279986  0.00105426
  0.12506008  0.06660749  0.19489488  0.0620605  -0.03019471 -0.02585597
 -0.0716883   0.05365314  0.13887951  0.04861439  0.05302211  0.01797792
  0.08111086  0.07046201 -0.04223647 -0.16977578  0.08490633  0.11054563
 -0.00291612 -0.07003481 -0.10857584  0.10378526  0.0294638  -0.13922509
 -0.08661462  0.16323143  0.02840321 -0.06891532 -0.00384376 -0.18555289
 -0.15778356 -0.14748749  0.04111895 -0.04504037 -0.00369724  0.05581958
  0.03409062  0.08530046 -0.04102309  0.08633862  0.09174583  0.03209303
  0.12406281 -0.21293944 -0.02024942 -0.09572826  0.16141779 -0.06693721
 -0.04325334 -0.04843884  0.00129076  0.0727211   0.04590883  0.04097103
  0.052117   -0.02902132 -0.08275815 -0.02417869 -0.10844592 -0.06813211
 -0.04454517  0.20438712 -0.11952832 -0.11944376]",Sanat
18,Edebiyat,"[-0.10670419 -0.22496772  0.04818405  0.05117693  0.0257446  -0.01472795
  0.15339055 -0.14677295  0.15940791 -0.17270691 -0.06386913  0.00119175
  0.05580689 -0.00344645  0.0171876  -0.1195566   0.03395362  0.16160222
  0.12076002  0.16577252  0.01905371 -0.01730722  0.00880373 -0.14310637
  0.11807463 -0.05107107 -0.15065634  0.08448562 -0.05556142 -0.14567668
 -0.03790283 -0.06525994  0.08914222 -0.08687435  0.0879458   0.13030401
  0.02220331 -0.13432459 -0.10123689  0.10212344  0.13689016  0.05318723
  0.03620614  0.02856841 -0.0507325  -0.05451675 -0.00348953 -0.12866231
  0.04693462  0.07242845 -0.05181219  0.00047978 -0.05200051  0.04204498
  0.04366193 -0.1740467  -0.07343021 -0.07214359  0.04604397 -0.01357131
  0.137711   -0.03012457 -0.02914279 -0.00401507 -0.17303475  0.09143476
 -0.11176357 -0.02480867  0.10287389 -0.07742633  0.11031052  0.15873711
 -0.07062952 -0.00467778  0.1088692  -0.01560139  0.17562167  0.11727049
 -0.14396499 -0.07947465 -0.02815842  0.11271971  0.04459425  0.02369505
  0.07358546 -0.08354448 -0.03376248  0.04832669  0.02001067  0.12291764
 -0.14781578 -0.11113621  0.01311974  0.07816347 -0.12389617  0.12922336
  0.03739334  0.00623909  0.06764953 -0.10554895]",Sanat
19,Resim,"[-0.15840803 -0.19605889  0.18671097 -0.05268446  0.07514827 -0.21635189
 -0.10988444 -0.11508156  0.03199561  0.02688804  0.0722125  -0.09084948
 -0.06903255  0.17240877 -0.15932398 -0.11986129  0.00956841 -0.08449932
 -0.16514084 -0.0593281  -0.17813438 -0.00081112 -0.10030897 -0.00818713
  0.10222407  0.08640855  0.01406202  0.00588537  0.01022748  0.02660716
 -0.04843176  0.11180749  0.12522437  0.05925894  0.07440151  0.18494578
  0.01553247 -0.00327745 -0.03775102  0.07106223 -0.03935887 -0.07378221
 -0.04789371 -0.04527509 -0.03254808  0.0182436   0.01098597  0.07545312
  0.03689499  0.00090262  0.08632151  0.01716345 -0.00523402 -0.14510714
 -0.03012521 -0.04529443 -0.06183509  0.00989905 -0.01131851  0.03710628
 -0.09721544 -0.04202901 -0.18779628  0.05508839  0.04626016  0.09903563
 -0.09422023  0.06058316  0.0298562  -0.11460983  0.05991373  0.05655881
  0.03430951  0.04766416 -0.04134003 -0.06718756 -0.14192481  0.00097089
  0.00917545 -0.07981536 -0.0206548  -0.00318463  0.12220604 -0.07908034
  0.13894675 -0.02243487 -0.07411113  0.04800331 -0.07632402  0.00508234
 -0.16972001 -0.00337097  0.18083127  0.08818825 -0.05305238  0.25945448
  0.05221934  0.19938078  0.07094979  0.0627823 ]",Sanat
